ward_jis,ward_name,pct_age65p,pct_single65p,poverty_rate,city,pct_age65p_z,pct_single65p_z,poverty_rate_z,iso_index,station_count,area_km2,station_density,transit_z,neg_transit_z,iri_designed,pct_single_household,pct_single_household_z,population_total_2020,population_density,population_density_z,iri_ml_score
13101,千代田区,5.30652,5.1339,3.4077,tokyo,-1.9790898134303176,-1.05095091298365,-0.5102640733806786,-1.260000421281426,68.0,17.4833348533171,3.889418155661442,4.333210858149165,-4.333210858149165,-1.5095446250020024,8.313719124529936,1.1220108684327872,66680,3813.917685580955,-0.9027136245534334,1.7349781252099935e-06
13102,中央区,7.3328,4.8124,7.8831,tokyo,0.9281667769043712,-1.4357999461167947,0.7342477093845778,0.1608010397420833,42.0,15.486529776629354,2.712034303732912,2.8148097824544736,-2.8148097824544736,-0.4022802177943613,10.044654924475871,2.514505594533803,169179,10924.26789217215,0.1298152129863827,0.0002072200000996
13103,港区,7.01052,5.3923,6.2777,tokyo,0.465767378038931,-0.7416352359646619,0.2878207495482856,0.0501626052906595,46.0,27.636009960669725,1.6644949855447673,1.4638613853246676,-1.4638613853246676,-0.2309820223704757,8.758659401440267,1.4799542358568791,260486,9425.600887056831,-0.0878135754263968,0.3733041611422603
13104,新宿区,7.29263,6.2212,4.1031,tokyo,0.8705318512111085,0.2505929555254286,-0.316888398863326,0.3283241074830743,51.0,27.694227128734383,1.8415390241052985,1.6921844238607535,-1.6921844238607535,-0.0369241416676439,4.772971442185372,-1.7264324269645333,349385,12615.806116412348,0.3754517773724599,0.437667253129529
13105,文京区,5.64607,5.0428,1.1411,tokyo,-1.491911844320351,-1.1600014477221556,-1.1405564286596996,-1.286932100642697,19.0,17.15805502645746,1.1073516182750485,0.745347124412368,-0.745347124412368,-1.002891677404422,7.25345152885508,0.2690520034771054,240069,13991.620823561718,0.5752405808727817,0.0005502623421279
13106,台東区,7.4656,7.6597,1.1103,tokyo,1.1187049430000973,1.972538007351337,-1.1491212413935716,0.6945070069873684,31.0,15.363628443400025,2.0177525194783734,1.919436360846416,-1.919436360846416,0.2550710351821819,5.566935676267101,-1.0877079816638051,211444,13762.634313825329,0.5419883263648053,0.3580249542553639
13107,墨田区,6.80022,6.4884,7.3333,tokyo,0.164034122542463,0.570442602969213,0.581360240518256,0.4111545020632259,21.0,20.934679191017324,1.0031202202043157,0.6109261650179209,-0.6109261650179209,0.208252304728882,6.893117870461304,-0.0208274472602874,272085,12996.855481632914,0.4307858251598331,0.5381878014691609
13108,江東区,7.28346,6.0916,14.3249,tokyo,0.857374961278143,0.0954563001784438,2.5255727311071565,1.1292586938969371,4.0,-53.411154787408094,-0.0748907230319427,-0.7793196525541937,0.7793196525541937,0.8602203094687071,8.44569139490593,1.2281792719610347,524310,-9816.48874821947,-2.8820518148497394,0.9186810545543252
13109,品川区,6.76887,5.5466,3.887,tokyo,0.1190539154106775,-0.5569316409026266,-0.3769811271681864,-0.2325522642569729,40.0,19.051416673985827,2.099581395152565,2.0249661357308453,-2.0249661357308453,-0.4886105771662513,7.271517433364077,0.2835855735562552,422488,22176.19861188042,1.7637632758158694,0.0021578500949026
13110,目黒区,5.58721,5.3538,1.4882,tokyo,-1.5763627212510318,-0.7877213565731411,-1.0440354384023325,-1.1800721269930547,10.0,22.26065322157927,0.4492231158026438,-0.1034015860974619,0.1034015860974619,-0.7843178692218905,6.944926418610629,0.0208512389550761,288088,12941.578898535205,0.4227588413361469,0.0064026624590012
13111,大田区,6.48044,5.7699,3.2276,tokyo,-0.2947783379552118,-0.2896321413734466,-0.5603459816069876,-0.372904772076215,49.0,74.46188008733708,0.6580548321171505,0.1659161068297245,-0.1659161068297245,-0.2830592321780207,6.325382605823416,-0.4775563229670101,748081,10046.496262551636,0.0023496882197753,0.2031309229495024
13112,世田谷区,5.43306,5.7875,3.1373,tokyo,-1.7975333410074776,-0.2685642005238562,-0.5854564553040207,-0.975219533151354,44.0,88.08830214870976,0.4994987861807082,-0.0385640805904145,0.0385640805904145,-0.6278310643550754,7.121982766510005,0.1632886596152113,943664,10712.705058237088,0.099093135923694,0.0304971061325688
13113,渋谷区,6.64832,5.1144,2.1056,tokyo,-0.0539082526829945,-1.0742932338113214,-0.872349874055175,-0.6055562334331467,37.0,22.943831161298963,1.6126339031996804,1.396979269445053,-1.396979269445053,-0.6660672368513719,5.681454196028187,-0.9955806856582642,243883,10629.567411190475,0.0870203103150118,0.0009560763550142
13114,中野区,7.30313,5.9707,2.3986,tokyo,0.885596992355726,-0.0492660889531181,-0.7908729217491866,0.102197093731599,18.0,23.7038090095134,0.7593716264240822,0.2965782772082268,-0.2965782772082268,0.0064213999195806,5.113395914284615,-1.452569420578783,344880,14549.560362285412,0.6562617185942193,0.4324383856621492
13115,杉並区,5.69355,5.575,1.5394,tokyo,-1.4237887108397405,-0.5229356454407867,-1.0297978276239483,-1.0353355262553166,23.0,51.746995630225264,0.4444702483667626,-0.1095310731083934,0.1095310731083934,-0.6762109936286625,6.034757202405215,-0.7113572193049705,591108,11423.039981373056,0.2022443550815951,0.0160914743091222
13116,豊島区,6.94668,6.9758,1.4908,tokyo,0.3741713198796607,1.1538809194516226,-1.043312434729993,0.1828390733683532,34.0,19.788801675097456,1.71814345093903,1.533048581522907,-1.533048581522907,-0.0566067143416137,5.129377691398956,-1.439712479064177,301599,15240.892548816484,0.7566534571405268,0.3631871700290812
13117,北区,7.45026,7.9088,12.4051,tokyo,1.0966954891754854,2.270721192898667,1.991717942584848,1.7174099363152486,27.0,31.368967882701977,0.8607232504735615,0.4272853654089533,-0.4272853654089533,1.1761049542241646,6.867849287104584,-0.0411553930231374,355213,11323.706961869082,0.1878197199823727,0.9918168469371452
13118,荒川区,7.0225,7.1012,5.4953,tokyo,0.4829559866972657,1.303989998004956,0.0702522598411004,0.6054550720327233,32.0,15.448497306566797,2.071398878802118,1.988620840972293,-1.988620840972293,0.1624938219979316,7.261245628315101,0.2753221623086029,217475,14077.42097398408,0.5877000416591466,0.7655889804704229
13119,板橋区,7.52657,6.621,7.4789,tokyo,1.2061831959131728,0.7291703845973782,0.6218484461692863,0.8877789275952686,22.0,49.05519070520193,0.4484744567034588,-0.1043670866686385,0.1043670866686385,0.6238631473617907,6.192599949702833,-0.5843766616366309,584483,11914.804358063988,0.2736558728627435,0.9474641020083872
13120,練馬区,6.00117,5.2648,5.1618,tokyo,-0.9824231185628798,-0.89425810291482,-0.0224868650532582,-0.6679927378155754,27.0,73.15345947462693,0.3690871244355145,-0.2067481500021755,0.2067481500021755,-0.4426554558797502,7.23954230476521,0.2578623792345966,752608,10288.07120545051,0.0374299708673025,0.0179031426935045
13121,足立区,6.99676,6.6174,10.6453,tokyo,0.446024869262748,0.7248610330599613,1.502355687744991,0.8465749639465849,31.0,81.07259709232467,0.3823733432974585,-0.1896137133621226,0.1896137133621226,0.6216346701339939,6.506767919770441,-0.3316363569744535,695043,8573.094053080498,-0.2116102752660704,0.5861856110063646
13122,葛飾区,6.83942,6.5199,7.4207,tokyo,0.2202773161490315,0.6081494289216045,0.6056642870422947,0.4522550412487823,19.0,53.0733097677368,0.3579953856872532,-0.2210524977466245,0.2210524977466245,0.3613974183381116,7.441506844869708,0.4203378199549947,453093,8537.115962483927,-0.2168348303134637,0.7075329403425836
13123,江戸川区,6.93977,5.3036,7.1185,tokyo,0.3642570222311563,-0.8478128696782224,0.5216290140495654,0.0478476522038654,0.0,-73.84577762918018,-0.0,-0.6827375954578664,0.6827375954578664,0.0858474802668265,7.955661695129095,0.8339625872096879,697932,-9451.210650183632,-2.829007990145567,0.8259370464036472
