地域階層,地域コード,地域,District,一般世帯 Private households／総数 Total,一般世帯 Private households／世帯人員別世帯数 Households by number of household members／1人 Person,一般世帯 Private households／世帯人員別世帯数 Households by number of household members／2人 Persons,一般世帯 Private households／世帯人員別世帯数 Households by number of household members／3人 Persons,一般世帯 Private households／世帯人員別世帯数 Households by number of household members／4人 Persons,一般世帯 Private households／世帯人員別世帯数 Households by number of household members／5人以上 and over,一般世帯 Private households／1世帯当たり人員 Members per household,一般世帯 Private households／総数 Total 1),一般世帯 Private households／親族のみの世帯 Relative households／総数 Total,一般世帯 Private households／親族のみの世帯 Relative households／1　核家族世帯 Nuclear family／計 Total,一般世帯 Private households／親族のみの世帯 Relative households／1　核家族世帯 Nuclear family／夫婦のみの世帯 Married couple only,一般世帯 Private households／親族のみの世帯 Relative households／1　核家族世帯 Nuclear family／夫婦と子供から成る世帯 Married couple and child(ren),一般世帯 Private households／親族のみの世帯 Relative households／1　核家族世帯 Nuclear family／男親と子供から成る世帯 Single-father family,一般世帯 Private households／親族のみの世帯 Relative households／1　核家族世帯 Nuclear family／女親と子供から成る世帯 Single-mother family ,一般世帯 Private households／親族のみの世帯 Relative households／2　その他の親族世帯 Other relative households,一般世帯 Private households／非親族を含む世帯 Non-relative households,一般世帯 Private households／単独世帯 One-person  households
0,13000,総数,Tokyo-to,7216650,3625810,1695039,1002088,697531,196182,1.92,7216650,3506405,3299649,1185040,1588460,76177,449972,206756,81748,3625810
1,13100,区部,All ku,5208438,2786593,1162314,677881,459527,122123,1.85,5208438,2359065,2218797,803692,1056918,51151,307036,140268,61440,2786593
2,13101,千代田区,Chiyoda-ku,36963,21076,7502,4506,3121,758,1.79,36963,15566,14871,5261,7214,322,2074,695,318,21076
2,13102,中央区,Chuo-ku,92487,48646,22464,12339,7553,1485,1.82,92487,42648,41016,16829,18891,711,4585,1632,1182,48646
2,13103,港区,Minato-ku,146084,83099,30724,17956,11618,2687,1.77,146084,61427,58962,21968,27953,1130,7911,2465,1555,83099
2,13104,新宿区,Shinjuku-ku,222461,150831,37864,19298,11750,2718,1.55,222461,69921,66252,26555,28931,1471,9295,3669,1680,150831
2,13105,文京区,Bunkyo-ku,133564,77316,26117,16363,11090,2678,1.77,133564,55082,52262,18749,26242,886,6385,2820,1158,77316
2,13106,台東区,Taito-ku,121557,71778,26839,13023,7783,2134,1.7,121557,48170,45059,18765,18694,1107,6493,3111,1599,71778
2,13107,墨田区,Sumida-ku,145609,75960,35388,18865,11970,3426,1.85,145609,67719,63218,24369,28171,1592,9086,4501,1925,75960
2,13108,江東区,Koto-ku,264111,123488,66591,40197,27531,6304,1.97,264111,138388,131885,47406,63696,3048,17735,6503,2225,123488
2,13109,品川区,Shinagawa-ku,237447,136020,49365,28662,18932,4468,1.77,237447,98584,93515,35017,44671,1977,11850,5069,2746,136020
2,13110,目黒区,Meguro-ku,155610,82777,35949,20329,13406,3149,1.84,155610,69359,65163,24673,31098,1252,8140,4196,3464,82777
2,13111,大田区,Ota-ku,399628,214237,87624,52211,35612,9944,1.85,399628,181206,169041,60695,81134,4096,23116,12165,4107,214237
2,13112,世田谷区,Setagaya-ku,491717,250635,112925,69606,48158,10393,1.89,491717,236506,226028,82039,111662,4172,28155,10478,3655,250635
2,13113,渋谷区,Shibuya-ku,149856,96707,28061,14324,8690,2074,1.61,149856,50212,47370,18902,21171,985,6312,2842,2928,96707
2,13114,中野区,Nakano-ku,207944,129649,42006,20539,12701,3049,1.64,207944,75235,70052,28746,30532,1562,9212,5183,3013,129649
2,13115,杉並区,Suginami-ku,336103,196919,68391,38758,26280,5755,1.74,336103,136131,129392,49697,61615,2304,15776,6739,3041,196919
2,13116,豊島区,Toshima-ku,183687,117608,34113,18199,11087,2680,1.63,183687,64299,60515,23515,27100,1381,8519,3784,1771,117608
2,13117,北区,Kita-ku,189579,99015,45391,24845,16022,4306,1.85,189579,88043,81615,30396,36840,2087,12292,6428,2513,99015
2,13118,荒川区,Arakawa-ku,111799,55368,26837,15825,10852,2917,1.92,111799,55133,51395,18047,24403,1270,7675,3738,1296,55368
2,13119,板橋区,Itabashi-ku,314133,170849,69910,39302,26764,7308,1.83,314133,139417,130904,47076,61094,3236,19498,8513,3842,170849
2,13120,練馬区,Nerima-ku,374485,178473,89168,55413,40429,11002,1.98,374485,191767,180328,62068,90192,4019,24049,11439,4229,178473
2,13121,足立区,Adachi-ku,345010,163352,84906,50073,34433,12246,1.99,345010,176042,162832,54672,76595,4842,26723,13210,5604,163352
2,13122,葛飾区,Katsushika-ku,215709,93974,55555,34341,23823,8016,2.07,215709,118454,109139,36349,52737,3141,16912,9315,3276,93974
2,13123,江戸川区,Edogawa-ku,332895,148816,78624,52907,39922,12626,2.07,332895,179756,167983,51898,86282,4560,25243,11773,4313,148816
1,13200,市部,All shi,1973724,826355,521948,318935,234321,72165,2.1,1973724,1126036,1061499,373443,523419,24437,140200,64537,20031,826355
2,13201,八王子市,Hachioji-shi,266549,110686,71694,42614,30587,10968,2.11,266549,152643,141921,51175,67977,3596,19173,10722,2924,110686
2,13202,立川市,Tachikawa-shi,89599,40896,22673,13488,9660,2882,2.01,89599,48323,46407,16332,22468,1123,6484,1916,378,40896
2,13203,武蔵野市,Musashino-shi,77966,39402,18261,10997,7563,1743,1.9,77966,37694,35818,13224,17653,600,4341,1876,814,39402
2,13204,三鷹市,Mitaka-shi,96116,45726,22551,14509,10660,2670,1.99,96116,48824,46590,15981,23969,884,5756,2234,1505,45726
2,13205,青梅市,Ome-shi,56354,19099,17591,9947,6884,2833,2.25,56354,36486,33562,12544,15293,926,4799,2924,715,19099
2,13206,府中市,Fuchu-shi,123766,54568,30196,19404,15160,4438,2.08,123766,68197,64555,21459,33254,1394,8448,3642,989,54568
2,13207,昭島市,Akishima-shi,52111,20446,14661,8684,6248,2072,2.14,52111,31238,29494,10249,14113,838,4294,1744,400,20446
2,13208,調布市,Chofu-shi,120790,57424,29200,17842,13045,3279,1.98,120790,61193,58082,20511,29116,1187,7268,3111,2171,57424
2,13209,町田市,Machida-shi,191703,71308,54095,33190,25097,8013,2.2,191703,119079,112436,40070,55437,2451,14478,6643,1182,71308
2,13210,小金井市,Koganei-shi,63140,30485,14687,9453,6876,1639,1.97,63140,32068,30618,10763,15790,596,3469,1450,585,30485
2,13211,小平市,Kodaira-shi,91125,38015,22866,15276,11646,3322,2.12,91125,52205,49316,16366,25659,1011,6280,2889,901,38015
2,13212,日野市,Hino-shi,90257,39135,22952,14184,10783,3203,2.08,90257,50139,47275,16544,23817,1037,5877,2864,976,39135
2,13213,東村山市,Higashimurayama-shi,68340,26136,19386,11605,8392,2821,2.17,68340,41407,38846,13500,18735,978,5633,2561,791,26136
2,13214,国分寺市,Kokubunji-shi,63916,29880,15253,9742,7235,1806,2,63916,33561,31735,11222,16194,614,3705,1826,471,29880
2,13215,国立市,Kunitachi-shi,38227,17924,9466,5761,3975,1101,1.98,38227,19982,18947,6717,9199,465,2566,1035,312,17924
2,13218,福生市,Fussa-shi,28117,13054,7521,4025,2653,864,1.97,28117,14807,13896,5078,6029,400,2389,911,256,13054
2,13219,狛江市,Komae-shi,42578,20347,10255,6413,4533,1030,1.96,42578,21844,20705,7280,10349,428,2648,1139,384,20347
2,13220,東大和市,Higashiyamato-shi,36291,11781,11292,6623,4883,1712,2.28,36291,24136,22743,7963,10962,588,3230,1393,357,11781
2,13221,清瀬市,Kiyose-shi,34918,14500,9408,5489,4151,1370,2.11,34918,20195,19120,6595,9178,458,2889,1075,220,14500
2,13222,東久留米市,Higashikurume-shi,51146,18148,15137,9066,6553,2242,2.22,51146,32323,30414,10594,14747,758,4315,1909,670,18148
2,13223,武蔵村山市,Musashimurayama-shi,29956,9892,8669,5471,4103,1821,2.33,29956,19847,18417,5985,9073,587,2772,1430,202,9892
2,13224,多摩市,Tama-shi,68354,26359,20697,11312,7783,2203,2.11,68354,41490,39471,15109,18149,929,5284,2019,480,26359
2,13225,稲城市,Inagi-shi,39880,13933,10610,7358,6178,1801,2.29,39880,25511,24289,7934,13323,476,2556,1222,431,13933
2,13227,羽村市,Hamura-shi,23789,8499,6843,4246,3055,1146,2.24,23789,15077,14130,4827,6852,374,2077,947,208,8499
2,13228,あきる野市,Akiruno-shi,31840,8856,10162,6131,4628,2063,2.42,31840,22011,20114,7290,9666,595,2563,1897,452,8856
2,13229,西東京市,Nishitokyo-shi,96896,39856,25822,16105,11990,3123,2.11,96896,55756,52598,18131,26417,1144,6906,3158,1257,39856
1,13300,郡部,All gun,21778,6366,7064,3989,2874,1485,2.39,21778,15168,13638,5080,6155,420,1983,1530,200,6366
1,13350,島部,All islands,12710,6496,3713,1283,809,409,1.83,12710,6136,5715,2825,1968,169,753,421,77,6496
,,,,,,,,,,,,,,,,,,,,
東京都統計年鑑（令和5年）TOKYO STATISTICAL YEARBOOK ( 2023 )　2  人口・世帯 2  POPULATION AND HOUSEHOLDS,,,,,,,,,,,,,,,,,,,,
2-10  一般世帯の地域， 世帯人員， 世帯の家族類型別世帯数 （令和2年） 2-10  PRIVATE HOUSEHOLDS BY DISTRICT， NUMBER OF HOUSEHOLD MEMBERS， AND FAMILY TYPE OF HOUSEHOLD ( 2020 ) ,,,,,,,,,,,,,,,,,,,,
令和2年10月1日現在の「国勢調査」による。 一般世帯とは，住居と生計を共にしている人の集まり，1戸を構えて住んでいる単身者，間借り・下宿などの単身者及び会社などの独身寮の単身者をいう。 ,,,,,,,,,,,,,,,,,,,,
Data are based on the Population Census as of October 1， 2020. A private household is defined as a group of persons sharing living quarters and living expenses， a single person occupying a dwelling unit， a single person residing in a boarding house or rented room， or a single person residing in a company dormitory for unmarried employees. ,,,,,,,,,,,,,,,,,,,,
注 1) 一般世帯総数には世帯の家族類型「不詳」を含む。,,,,,,,,,,,,,,,,,,,,
Note: 1) The total number of private households include those whose family type is unknown. ,,,,,,,,,,,,,,,,,,,,
資料：総務省「国勢調査報告」 Source: Ministry of Internal Affairs and Communications,,,,,,,,,,,,,,,,,,,,
地域階層（0:東京都総数　1:区部・市部・郡部・島部　2:区市町村),,,,,,,,,,,,,,,,,,,,
